Server [localhost]:
Database [postgres]:
Port [5432]:
Username [postgres]:
Password for user postgres:
psql (14.2)
WARNING: Console code page (850) differs from Windows code page (1252)
         8-bit characters might not work correctly. See psql reference
         page "Notes for Windows users" for details.
Type "help" for help.

postgres=# create database bd_aula06;
CREATE DATABASE
postgres=# \c bd_aula06
You are now connected to database "bd_aula06" as user "postgres".
bd_aula06=# create domain chk_categoria text check (value='DRAMA' or value='COMEDIA');
CREATE DOMAIN
bd_aula06=# create domain chk_status text check (value='DISPONIVEL' or value='ALUGADO');
CREATE DOMAIN
bd_aula06=# create table tbl_cliente (codigo_cliente integer PRIMARY KEY, nome text not null, cidade text, endereco text);
CREATE TABLE
bd_aula06=# create table tbl_titulo (codigo_titulo integer primary key, titulo text not null, descricao text, categoria chk_categoria);
CREATE TABLE
bd_aula06=# create table tbl_livros (cod_livro integer PRIMARY KEY, codigo_titulo integer REFERENCES tbl_titulo(codigo_titulo), status chk_status DEFAULT 'DISPONIVEL');
CREATE TABLE
bd_aula06=# create table tbl_emprestimo (numero_emprestimo integer PRIMARY KEY, codigo_cliente integer REFERENCES tbl_cliente(codigo_cliente), codigo_livro integer REFERENCES tbl_livros(cod_livro));
CREATE TABLE
bd_aula06=# -- Inserir dados na tabela tbl_cliente
bd_aula06=# INSERT INTO tbl_cliente (codigo_cliente, nome, cidade, endereco)
bd_aula06-# VALUES
bd_aula06-#     (1, 'Joao Silva', 'Sao Paulo', 'Rua A, 123'),
bd_aula06-#     (2, 'Maria Santos', 'Rio de Janeiro', 'Av. B, 456'),
bd_aula06-#     (3, 'Pedro Almeida', 'Belo Horizonte', 'Rua C, 789'),
bd_aula06-#     (4, 'Ana Oliveira', 'Salvador', 'Av. D, 1011'),
bd_aula06-#     (5, 'Carlos Lima', 'Brasília', 'Rua E, 1213');
INSERT 0 5
bd_aula06=# -- Inserir dados na tabela tbl_titulo
bd_aula06=# INSERT INTO tbl_titulo (codigo_titulo, titulo, descricao, categoria)
bd_aula06-# VALUES
bd_aula06-#     (1, 'Aventuras Urbanas', 'Uma história emocionante', 'DRAMA'),
bd_aula06-#     (2, 'Mistérios Antigos', 'Enigmas por resolver', 'COMEDIA'),
bd_aula06-#     (3, 'Amor nas Estrelas', 'Um romance intergaláctico', 'DRAMA'),
bd_aula06-#     (4, 'Código Enigmatico', 'Segredos ocultos', 'COMEDIA'),
bd_aula06-#     (5, 'Histórias Perdidas', 'Contos esquecidos', 'DRAMA');
INSERT 0 5
bd_aula06=# -- Inserir dados na tabela tbl_livros
bd_aula06=# INSERT INTO tbl_livros (cod_livro, codigo_titulo, status)
bd_aula06-# VALUES
bd_aula06-#     (1, 1, 'ALUGADO'),
bd_aula06-#     (2, 1, 'ALUGADO'),
bd_aula06-#     (3, 2, 'DISPONIVEL'),
bd_aula06-#     (4, 3, 'ALUGADO'),
bd_aula06-#     (5, 4, 'ALUGADO');
INSERT 0 5
bd_aula06=# -- Inserir dados na tabela tbl_emprestimo
bd_aula06=# INSERT INTO tbl_emprestimo (numero_emprestimo, codigo_cliente, codigo_livro)
bd_aula06-# VALUES
bd_aula06-#     (1, 1, 2),
bd_aula06-#     (2, 2, 4),
bd_aula06-#     (3, 3, 1),
bd_aula06-#     (4, 4, 5);
INSERT 0 4
bd_aula06=# --1 Liste os títulos e seus status, incluindo os que não têm status definido. (retorna 6 linhas)
bd_aula06=#
bd_aula06=#
bd_aula06=# --2 Liste os títulos e suas descrições dos livros alugados (retorna 4 linhas)
bd_aula06=#
bd_aula06=# --3 Liste os nomes dos clientes que não têm livros alugados (retorna 1 linha)
bd_aula06=#
bd_aula06=# --4 Liste os títulos e suas categorias dos livros disponiveis (retorna 1 linha).
bd_aula06=#
bd_aula06=#
bd_aula06=# --5 Liste os nomes dos clientes e os títulos dos livros que eles têm alugados (retorna 5 linhas).
bd_aula06=#
bd_aula06=# SELECT c.nome FROM tbl_cliente c INNER JOIN tbl_emprestimo e ON c.codigo_cliente = c.codigo_cliente INNER JOIN tbl_livros l ON l.cod_livro = e.codigo_livro WHERE status = 'DISPONIVEL' ;
 nome
------
(0 rows)


bd_aula06=# SELECT c.nome FROM tbl_cliente c INNER JOIN tbl_emprestimo e ON c.codigo_cliente = e.codigo_cliente INNER JOIN tbl_livros l ON l.cod_livro = e.codigo_livro WHERE status = 'DISPONIVEL' ;
 nome
------
(0 rows)


bd_aula06=# SELECT c.nome FROM tbl_cliente c INNER JOIN tbl_emprestimo e ON c.codigo_cliente = e.codigo_cliente INNER JOIN tbl_livros l ON l.cod_livro = e.codigo_livro;
     nome
---------------
 Joao Silva
 Maria Santos
 Pedro Almeida
 Ana Oliveira
(4 rows)


bd_aula06=# SELECT c.nome FROM tbl_cliente c INNER JOIN tbl_emprestimo e ON c.codigo_cliente = e.codigo_cliente INNER JOIN tbl_livros l ON l.cod_livro = e.codigo_livro WHERE status = 'DISPONIVEL' ;
 nome
------
(0 rows)


bd_aula06=# SELECT c.nome l.status FROM tbl_cliente c INNER JOIN tbl_emprestimo e ON c.codigo_cliente = e.codigo_cliente INNER JOIN tbl_livros l ON l.cod_livro = e.codigo_livro;
ERROR:  syntax error at or near "."
LINE 1: SELECT c.nome l.status FROM tbl_cliente c INNER JOIN tbl_emp...
                       ^
bd_aula06=# SELECT c.nome FROM tbl_cliente c INNER JOIN tbl_emprestimo e ON c.codigo_cliente = e.codigo_cliente INNER JOIN tbl_livros l ON l.cod_livro = e.codigo_livro;
     nome
---------------
 Joao Silva
 Maria Santos
 Pedro Almeida
 Ana Oliveira
(4 rows)


bd_aula06=# SELECT c.nome FROM tbl_cliente c;
     nome
---------------
 Joao Silva
 Maria Santos
 Pedro Almeida
 Ana Oliveira
 Carlos Lima
(5 rows)


bd_aula06=# SELECT c.nome FROM tbl_cliente c INNER JOIN tbl_emprestimo e ON c.codigo_cliente = e.codigo_cliente INNER JOIN tbl_livros l ON l.cod_livro = e.codigo_livro;
     nome
---------------
 Joao Silva
 Maria Santos
 Pedro Almeida
 Ana Oliveira
(4 rows)


bd_aula06=# SELECT c.nome FROM tbl_cliente c INNER JOIN tbl_emprestimo e ON c.codigo_cliente = e.codigo_cliente INNER JOIN tbl_livros l ON l.cod_livro = e.codigo_livro WHERE l.status = 'ALUGADO';
     nome
---------------
 Joao Silva
 Maria Santos
 Pedro Almeida
 Ana Oliveira
(4 rows)


bd_aula06=# SELECT c.nome FROM tbl_cliente c INNER JOIN tbl_emprestimo e ON c.codigo_cliente = e.codigo_cliente INNER JOIN tbl_livros l ON l.cod_livro = e.codigo_livro WHERE l.status = 'DISPONIVEL';
 nome
------
(0 rows)


bd_aula06=# SELECT c.nome FROM tbl_cliente c INNER JOIN tbl_emprestimo e ON c.codigo_cliente = e.codigo_cliente INNER JOIN tbl_livros l ON l.cod_livro = e.codigo_livro WHERE l.status = 'ALUGADO';
     nome
---------------
 Joao Silva
 Maria Santos
 Pedro Almeida
 Ana Oliveira
(4 rows)


bd_aula06=# SELECT c.nome FROM tbl_cliente c INNER JOIN tbl_emprestimo e ON c.codigo_cliente = e.codigo_cliente INNER JOIN tbl_livros l ON l.cod_livro = e.codigo_livro WHERE l.status = 'DISPONIVEL';
 nome
------
(0 rows)


bd_aula06=# SELECT c.nome FROM tbl_cliente c INNER JOIN tbl_emprestimo e ON c.codigo_cliente = e.codigo_cliente INNER JOIN tbl_livros l ON l.cod_livro = e.codigo_livro;
     nome
---------------
 Joao Silva
 Maria Santos
 Pedro Almeida
 Ana Oliveira
(4 rows)


bd_aula06=# SELECT c.nome FROM tbl_cliente c INNER JOIN tbl_emprestimo e ON c.codigo_cliente = e.codigo_cliente INNER JOIN tbl_livros l ON l.cod_livro = e.codigo_livro WHERE l.status = 'DISPONIVEL';
 nome
------
(0 rows)


bd_aula06=# SELECT c.nome FROM tbl_cliente c INNER JOIN tbl_emprestimo e ON c.codigo_cliente = e.codigo_cliente INNER JOIN tbl_livros l ON l.cod_livro = e.codigo_livro WHERE l.status = 'ALUGADO';
     nome
---------------
 Joao Silva
 Maria Santos
 Pedro Almeida
 Ana Oliveira
(4 rows)


bd_aula06=# SELECT c.nome FROM tbl_cliente c INNER JOIN tbl_emprestimo e ON c.codigo_cliente = e.codigo_cliente INNER JOIN tbl_livros l ON l.cod_livro = e.codigo_livro WHERE l.status = 'ALUGADO';
     nome
---------------
 Joao Silva
 Maria Santos
 Pedro Almeida
 Ana Oliveira
(4 rows)


bd_aula06=# SELECT c.nome FROM tbl_cliente c INNER JOIN tbl_emprestimo e ON c.codigo_cliente = e.codigo_cliente INNER JOIN tbl_livros l ON l.cod_livro = e.codigo_livro WHERE status = 'DISPONIVEL';
 nome
------
(0 rows)


bd_aula06=# SELECT c.nome, l.status FROM tbl_cliente c INNER JOIN tbl_emprestimo e ON c.codigo_cliente = e.codigo_cliente INNER JOIN tbl_livros l ON l.cod_livro = e.codigo_livro WHERE l.status = 'DISPONIVEL';
 nome | status
------+--------
(0 rows)


bd_aula06=# SELECT c.nome, l.status FROM tbl_cliente c INNER JOIN tbl_emprestimo e ON c.codigo_cliente = e.codigo_cliente INNER JOIN tbl_livros l ON l.cod_livro = e.codigo_livro WHERE l.status = 'ALUGADO';
     nome      | status
---------------+---------
 Joao Silva    | ALUGADO
 Maria Santos  | ALUGADO
 Pedro Almeida | ALUGADO
 Ana Oliveira  | ALUGADO
(4 rows)


bd_aula06=# SELECT c.nome, l.status FROM tbl_cliente c INNER JOIN tbl_emprestimo e ON c.codigo_cliente = e.codigo_cliente INNER JOIN tbl_livros l ON l.cod_livro = e.codigo_livro WHERE l.status = 'ALUGADO';
     nome      | status
---------------+---------
 Joao Silva    | ALUGADO
 Maria Santos  | ALUGADO
 Pedro Almeida | ALUGADO
 Ana Oliveira  | ALUGADO
(4 rows)


bd_aula06=# SELECT c.nome, l.status FROM tbl_cliente c INNER JOIN tbl_emprestimo e ON c.codigo_cliente = e.codigo_cliente INNER JOIN tbl_livros l ON l.cod_livro = e.codigo_livro WHERE l.status = 'DISPONIVEL';
 nome | status
------+--------
(0 rows)


bd_aula06=# SELECT c.nome, l.status FROM tbl_cliente c INNER JOIN tbl_emprestimo e ON c.codigo_cliente = e.codigo_cliente INNER JOIN tbl_livros l ON l.cod_livro = e.codigo_livro WHERE l.status = DEFAULT
bd_aula06-# SELECT c.nome, l.status FROM tbl_cliente c INNER JOIN tbl_emprestimo e ON c.codigo_cliente = e.codigo_cliente INNER JOIN tbl_livros l ON l.cod_livro = e.codigo_livro WHERE l.status = DEFAULT ;
ERROR:  syntax error at or near "SELECT"
LINE 2: SELECT c.nome, l.status FROM tbl_cliente c INNER JOIN tbl_em...
        ^
bd_aula06=# SELECT c.nome, l.status FROM tbl_cliente c INNER JOIN tbl_emprestimo e ON c.codigo_cliente = e.codigo_cliente INNER JOIN tbl_livros l ON l.cod_livro = e.codigo_livro WHERE l.status = 'DISPONIVEL';
 nome | status
------+--------
(0 rows)


bd_aula06=# SELECT c.nome, l.status FROM tbl_cliente c INNER JOIN tbl_emprestimo e ON c.codigo_cliente = e.codigo_cliente INNER JOIN tbl_livros l ON l.cod_livro = e.codigo_livro WHERE l.status = 'ALUGADO';
     nome      | status
---------------+---------
 Joao Silva    | ALUGADO
 Maria Santos  | ALUGADO
 Pedro Almeida | ALUGADO
 Ana Oliveira  | ALUGADO
(4 rows)


bd_aula06=# SELECT c.nome, l.status FROM tbl_cliente c INNER JOIN tbl_emprestimo e ON c.codigo_cliente = e.codigo_cliente INNER JOIN tbl_livros l ON l.cod_livro = e.codigo_livro WHERE l.status = 'DISPONIVEL';
 nome | status
------+--------
(0 rows)


bd_aula06=# SELECT c.nome, l.status FROM tbl_cliente c INNER JOIN tbl_emprestimo e ON c.codigo_cliente = e.codigo_cliente INNER JOIN tbl_livros l ON l.cod_livro = e.codigo_livro WHERE l.status = 'ALUGADO';
     nome      | status
---------------+---------
 Joao Silva    | ALUGADO
 Maria Santos  | ALUGADO
 Pedro Almeida | ALUGADO
 Ana Oliveira  | ALUGADO
(4 rows)


bd_aula06=# SELECT c.nome, l.status FROM tbl_cliente c INNER JOIN tbl_emprestimo e ON c.codigo_cliente = e.codigo_cliente;
ERROR:  missing FROM-clause entry for table "l"
LINE 1: SELECT c.nome, l.status FROM tbl_cliente c INNER JOIN tbl_em...
                       ^
bd_aula06=# SELECT c.nome FROM tbl_cliente c LEFT JOIN tbl_emprestimo e ON c.codigo_cliente = e.codigo_cliente ;
     nome
---------------
 Joao Silva
 Maria Santos
 Pedro Almeida
 Ana Oliveira
 Carlos Lima
(5 rows)


bd_aula06=# SELECT c.nome, e.cod_livro FROM tbl_cliente c LEFT JOIN tbl_emprestimo e ON c.codigo_cliente = e.codigo_cliente ;
ERROR:  column e.cod_livro does not exist
LINE 1: SELECT c.nome, e.cod_livro FROM tbl_cliente c LEFT JOIN tbl_...
                       ^
HINT:  Perhaps you meant to reference the column "e.codigo_livro".
bd_aula06=# SELECT c.nome, e.codigo_livro FROM tbl_cliente c LEFT JOIN tbl_emprestimo e ON c.codigo_cliente = e.codigo_cliente ;
     nome      | codigo_livro
---------------+--------------
 Joao Silva    |            2
 Maria Santos  |            4
 Pedro Almeida |            1
 Ana Oliveira  |            5
 Carlos Lima   |
(5 rows)


bd_aula06=# SELECT c.nome, e.codigo_livro FROM tbl_cliente c RIGHT JOIN tbl_emprestimo e ON c.codigo_cliente = e.codigo_cliente ;
     nome      | codigo_livro
---------------+--------------
 Joao Silva    |            2
 Maria Santos  |            4
 Pedro Almeida |            1
 Ana Oliveira  |            5
(4 rows)


bd_aula06=# SELECT c.nome, e.codigo_livro FROM tbl_cliente c LEFT JOIN tbl_emprestimo e ON c.codigo_cliente = e.codigo_cliente WHERE e.codigo_livro is NULL;
    nome     | codigo_livro
-------------+--------------
 Carlos Lima |
(1 row)


bd_aula06=# SELECT t.titulo, t.categoria FROM tbl tbl_titulo t INNER JOIN tbl_livros l ON t.codigo_titulo = l.codigo_titulo WHERE l.status = 'DISPONIVEL';
ERROR:  syntax error at or near "t"
LINE 1: SELECT t.titulo, t.categoria FROM tbl tbl_titulo t INNER JOI...
                                                         ^
bd_aula06=# SELECT t.titulo, t.categoria FROM tbl tbl_titulo t INNER JOIN tbl_livros l ON t.codigo_titulo = l.codigo_titulo WHERE l.status = 'DISPONIVEL';
ERROR:  syntax error at or near "t"
LINE 1: SELECT t.titulo, t.categoria FROM tbl tbl_titulo t INNER JOI...
                                                         ^
bd_aula06=# SELECT t.titulo, t.categoria FROM tbl tbl_titulo as t INNER JOIN tbl_livros l ON t.codigo_titulo = l.codigo_titulo WHERE l.status = 'DISPONIVEL';
ERROR:  syntax error at or near "as"
LINE 1: SELECT t.titulo, t.categoria FROM tbl tbl_titulo as t INNER ...
                                                         ^
bd_aula06=# SELECT t.titulo, t.categoria FROM tbl_titulo t INNER JOIN tbl_livros l ON t.codigo_titulo = l.codigo_titulo WHERE l.status = 'DISPONIVEL';
      titulo       | categoria
-------------------+-----------
 Mistérios Antigos | COMEDIA
(1 row)


bd_aula06=# SELECT t.titulo, t.categoria, l.status FROM tbl_titulo t INNER JOIN tbl_livros l ON t.codigo_titulo = l.codigo_titulo WHERE l.status = 'DISPONIVEL';
      titulo       | categoria |   status
-------------------+-----------+------------
 Mistérios Antigos | COMEDIA   | DISPONIVEL
(1 row)


bd_aula06=# SELECT c.nome, t.titulos FROM tbl_cliente c INNER JOIN tbl_emprestimo e ON c.codigo_cliente = e.codigo_cliente INNER JOIN tbl_livros l ON l.cod_livro = e.codigo_livro INNER JOIN tbl_titulo t ON t.codigo_titulo = l.codigo_titulo;
ERROR:  column t.titulos does not exist
LINE 1: SELECT c.nome, t.titulos FROM tbl_cliente c INNER JOIN tbl_e...
                       ^
HINT:  Perhaps you meant to reference the column "t.titulo".
bd_aula06=# SELECT c.nome, t.titulo FROM tbl_cliente c INNER JOIN tbl_emprestimo e ON c.codigo_cliente = e.codigo_cliente INNER JOIN tbl_livros l ON l.cod_livro = e.codigo_livro INNER JOIN tbl_titulo t ON t.codigo_titulo = l.codigo_titulo;
     nome      |      titulo
---------------+-------------------
 Joao Silva    | Aventuras Urbanas
 Maria Santos  | Amor nas Estrelas
 Pedro Almeida | Aventuras Urbanas
 Ana Oliveira  | Código Enigmatico
(4 rows)


bd_aula06=# SELECT c.nome, t.titulo FROM tbl_cliente c LEFT JOIN tbl_emprestimo e ON c.codigo_cliente = e.codigo_cliente INNER JOIN tbl_livros l ON l.cod_livro = e.codigo_livro INNER JOIN tbl_titulo t ON t.codigo_titulo = l.codigo_titulo;
     nome      |      titulo
---------------+-------------------
 Joao Silva    | Aventuras Urbanas
 Maria Santos  | Amor nas Estrelas
 Pedro Almeida | Aventuras Urbanas
 Ana Oliveira  | Código Enigmatico
(4 rows)


bd_aula06=# SELECT c.nome, t.titulo FROM tbl_cliente c LEFT JOIN tbl_emprestimo e ON c.codigo_cliente = e.codigo_cliente INNER JOIN tbl_livros l ON l.cod_livro = e.codigo_livro RIGTH JOIN tbl_titulo t ON t.codigo_titulo = l.codigo_titulo;
ERROR:  syntax error at or near "RIGTH"
LINE 1: ...JOIN tbl_livros l ON l.cod_livro = e.codigo_livro RIGTH JOIN...
                                                             ^
bd_aula06=# SELECT c.nome, t.titulo FROM tbl_cliente c LEFT JOIN tbl_emprestimo e ON c.codigo_cliente = e.codigo_cliente INNER JOIN tbl_livros l ON l.cod_livro = e.codigo_livro RIGHT JOIN tbl_titulo t ON t.codigo_titulo = l.codigo_titulo;
     nome      |       titulo
---------------+--------------------
 Joao Silva    | Aventuras Urbanas
 Maria Santos  | Amor nas Estrelas
 Pedro Almeida | Aventuras Urbanas
 Ana Oliveira  | Código Enigmatico
               | Mistérios Antigos
               | Histórias Perdidas
(6 rows)


bd_aula06=# SELECT c.nome, t.titulo FROM tbl_cliente c LEFT JOIN tbl_emprestimo e ON c.codigo_cliente = e.codigo_cliente INNER JOIN tbl_livros l ON l.cod_livro = e.codigo_livro FULL JOIN tbl_titulo t ON t.codigo_titulo = l.codigo_titulo;
     nome      |       titulo
---------------+--------------------
 Joao Silva    | Aventuras Urbanas
 Maria Santos  | Amor nas Estrelas
 Pedro Almeida | Aventuras Urbanas
 Ana Oliveira  | Código Enigmatico
               | Mistérios Antigos
               | Histórias Perdidas
(6 rows)


bd_aula06=# SELECT c.nome, t.titulo FROM tbl_cliente c FULL JOIN tbl_emprestimo e ON c.codigo_cliente = e.codigo_cliente INNER JOIN tbl_livros l ON l.cod_livro = e.codigo_livro FULL JOIN tbl_titulo t ON t.codigo_titulo = l.codigo_titulo;
     nome      |       titulo
---------------+--------------------
 Joao Silva    | Aventuras Urbanas
 Maria Santos  | Amor nas Estrelas
 Pedro Almeida | Aventuras Urbanas
 Ana Oliveira  | Código Enigmatico
               | Mistérios Antigos
               | Histórias Perdidas
(6 rows)


bd_aula06=# SELECT c.nome, t.titulo FROM tbl_cliente c FULL JOIN tbl_emprestimo e ON c.codigo_cliente = e.codigo_cliente INNER JOIN tbl_livros l ON l.cod_livro = e.codigo_livro INNER JOIN tbl_titulo t ON t.codigo_titulo = l.codigo_titulo;
     nome      |      titulo
---------------+-------------------
 Joao Silva    | Aventuras Urbanas
 Maria Santos  | Amor nas Estrelas
 Pedro Almeida | Aventuras Urbanas
 Ana Oliveira  | Código Enigmatico
(4 rows)


bd_aula06=# SELECT c.nome, t.titulo FROM tbl_cliente c LEFT JOIN tbl_emprestimo e ON c.codigo_cliente = e.codigo_cliente LEFT JOIN tbl_livros l ON l.cod_livro = e.codigo_livro INNER JOIN tbl_titulo t ON t.codigo_titulo = l.codigo_titulo;
     nome      |      titulo
---------------+-------------------
 Joao Silva    | Aventuras Urbanas
 Maria Santos  | Amor nas Estrelas
 Pedro Almeida | Aventuras Urbanas
 Ana Oliveira  | Código Enigmatico
(4 rows)


bd_aula06=# SELECT c.nome, t.titulo FROM tbl_cliente c LEFT JOIN tbl_emprestimo e ON c.codigo_cliente = e.codigo_cliente RIGTH JOIN tbl_livros l ON l.cod_livro = e.codigo_livro INNER JOIN tbl_titulo t ON t.codigo_titulo = l.codigo_titulo;
ERROR:  syntax error at or near "RIGTH"
LINE 1: ...prestimo e ON c.codigo_cliente = e.codigo_cliente RIGTH JOIN...
                                                             ^
bd_aula06=# SELECT c.nome, t.titulo FROM tbl_cliente c LEFT JOIN tbl_emprestimo e ON c.codigo_cliente = e.codigo_cliente RIGHT JOIN tbl_livros l ON l.cod_livro = e.codigo_livro INNER JOIN tbl_titulo t ON t.codigo_titulo = l.codigo_titulo;
     nome      |      titulo
---------------+-------------------
 Joao Silva    | Aventuras Urbanas
 Maria Santos  | Amor nas Estrelas
 Pedro Almeida | Aventuras Urbanas
 Ana Oliveira  | Código Enigmatico
               | Mistérios Antigos
(5 rows)


bd_aula06=# SELECT c.nome, t.titulo FROM tbl_cliente c LEFT JOIN tbl_emprestimo e ON c.codigo_cliente = e.codigo_cliente RIGHT JOIN tbl_livros l ON l.cod_livro = e.codigo_livro RIGTH JOIN tbl_titulo t ON t.codigo_titulo = l.codigo_titulo;
ERROR:  syntax error at or near "RIGTH"
LINE 1: ...JOIN tbl_livros l ON l.cod_livro = e.codigo_livro RIGTH JOIN...
                                                             ^
bd_aula06=# SELECT c.nome, t.titulo FROM tbl_cliente c LEFT JOIN tbl_emprestimo e ON c.codigo_cliente = e.codigo_cliente RIGHT JOIN tbl_livros l ON l.cod_livro = e.codigo_livro RIGHT JOIN tbl_titulo t ON t.codigo_titulo = l.codigo_titulo;
     nome      |       titulo
---------------+--------------------
 Joao Silva    | Aventuras Urbanas
 Maria Santos  | Amor nas Estrelas
 Pedro Almeida | Aventuras Urbanas
 Ana Oliveira  | Código Enigmatico
               | Mistérios Antigos
               | Histórias Perdidas
(6 rows)


bd_aula06=# SELECT c.nome, t.titulo FROM tbl_cliente c LEFT JOIN tbl_emprestimo e ON c.codigo_cliente = e.codigo_cliente RIGHT JOIN tbl_livros l ON l.cod_livro = e.codigo_livro INNER JOIN tbl_titulo t ON t.codigo_titulo = l.codigo_titulo;
     nome      |      titulo
---------------+-------------------
 Joao Silva    | Aventuras Urbanas
 Maria Santos  | Amor nas Estrelas
 Pedro Almeida | Aventuras Urbanas
 Ana Oliveira  | Código Enigmatico
               | Mistérios Antigos
(5 rows)


bd_aula06=# SELECT c.nome, t.titulo, l.status FROM tbl_cliente c LEFT JOIN tbl_emprestimo e ON c.codigo_cliente = e.codigo_cliente RIGHT JOIN tbl_livros l ON l.cod_livro = e.codigo_livro INNER JOIN tbl_titulo t ON t.codigo_titulo = l.codigo_titulo;
     nome      |      titulo       |   status
---------------+-------------------+------------
 Joao Silva    | Aventuras Urbanas | ALUGADO
 Maria Santos  | Amor nas Estrelas | ALUGADO
 Pedro Almeida | Aventuras Urbanas | ALUGADO
 Ana Oliveira  | Código Enigmatico | ALUGADO
               | Mistérios Antigos | DISPONIVEL
(5 rows)


bd_aula06=# SELECT c.nome, t.titulo, l.status FROM tbl_cliente c FULL JOIN tbl_emprestimo e ON c.codigo_cliente = e.codigo_cliente RIGHT JOIN tbl_livros l ON l.cod_livro = e.codigo_livro INNER JOIN tbl_titulo t ON t.codigo_titulo = l.codigo_titulo;
     nome      |      titulo       |   status
---------------+-------------------+------------
 Joao Silva    | Aventuras Urbanas | ALUGADO
 Maria Santos  | Amor nas Estrelas | ALUGADO
 Pedro Almeida | Aventuras Urbanas | ALUGADO
 Ana Oliveira  | Código Enigmatico | ALUGADO
               | Mistérios Antigos | DISPONIVEL
(5 rows)


bd_aula06=# SELECT c.nome, t.titulo, l.status FROM tbl_cliente c FULL JOIN tbl_emprestimo e ON c.codigo_cliente = e.codigo_cliente FULL JOIN tbl_livros l ON l.cod_livro = e.codigo_livro INNER JOIN tbl_titulo t ON t.codigo_titulo = l.codigo_titulo;
     nome      |      titulo       |   status
---------------+-------------------+------------
 Joao Silva    | Aventuras Urbanas | ALUGADO
 Maria Santos  | Amor nas Estrelas | ALUGADO
 Pedro Almeida | Aventuras Urbanas | ALUGADO
 Ana Oliveira  | Código Enigmatico | ALUGADO
               | Mistérios Antigos | DISPONIVEL
(5 rows)


bd_aula06=# SELECT c.nome, t.titulo, l.status FROM tbl_cliente c FULL JOIN tbl_emprestimo e ON c.codigo_cliente = e.codigo_cliente FULL JOIN tbl_livros l ON l.cod_livro = e.codigo_livro FULL JOIN tbl_titulo t ON t.codigo_titulo = l.codigo_titulo;
     nome      |       titulo       |   status
---------------+--------------------+------------
 Joao Silva    | Aventuras Urbanas  | ALUGADO
 Maria Santos  | Amor nas Estrelas  | ALUGADO
 Pedro Almeida | Aventuras Urbanas  | ALUGADO
 Ana Oliveira  | Código Enigmatico  | ALUGADO
 Carlos Lima   |                    |
               | Mistérios Antigos  | DISPONIVEL
               | Histórias Perdidas |
(7 rows)


bd_aula06=# SELECT c.nome, t.titulo, l.status FROM tbl_cliente c FULL JOIN tbl_emprestimo e ON c.codigo_cliente = e.codigo_cliente FULL JOIN tbl_livros l ON l.cod_livro = e.codigo_livro RIGHT JOIN tbl_titulo t ON t.codigo_titulo = l.codigo_titulo;
     nome      |       titulo       |   status
---------------+--------------------+------------
 Joao Silva    | Aventuras Urbanas  | ALUGADO
 Maria Santos  | Amor nas Estrelas  | ALUGADO
 Pedro Almeida | Aventuras Urbanas  | ALUGADO
 Ana Oliveira  | Código Enigmatico  | ALUGADO
               | Mistérios Antigos  | DISPONIVEL
               | Histórias Perdidas |
(6 rows)


bd_aula06=# SELECT c.nome, t.titulo, l.status FROM tbl_cliente c FULL JOIN tbl_emprestimo e ON c.codigo_cliente = e.codigo_cliente FULL JOIN tbl_livros l ON l.cod_livro = e.codigo_livro LEFT JOIN tbl_titulo t ON t.codigo_titulo = l.codigo_titulo;
     nome      |      titulo       |   status
---------------+-------------------+------------
 Joao Silva    | Aventuras Urbanas | ALUGADO
 Maria Santos  | Amor nas Estrelas | ALUGADO
 Pedro Almeida | Aventuras Urbanas | ALUGADO
 Ana Oliveira  | Código Enigmatico | ALUGADO
 Carlos Lima   |                   |
               | Mistérios Antigos | DISPONIVEL
(6 rows)


bd_aula06=# SELECT c.nome, t.titulo, l.status FROM tbl_cliente c FULL JOIN tbl_emprestimo e ON c.codigo_cliente = e.codigo_cliente LEFT JOIN tbl_livros l ON l.cod_livro = e.codigo_livro LEFT JOIN tbl_titulo t ON t.codigo_titulo = l.codigo_titulo;
     nome      |      titulo       | status
---------------+-------------------+---------
 Joao Silva    | Aventuras Urbanas | ALUGADO
 Maria Santos  | Amor nas Estrelas | ALUGADO
 Pedro Almeida | Aventuras Urbanas | ALUGADO
 Ana Oliveira  | Código Enigmatico | ALUGADO
 Carlos Lima   |                   |
(5 rows)


bd_aula06=#