Server [localhost]:
Database [postgres]:
Port [5432]:
Username [postgres]:
Password for user postgres:
psql (14.2)
WARNING: Console code page (850) differs from Windows code page (1252)
         8-bit characters might not work correctly. See psql reference
         page "Notes for Windows users" for details.
Type "help" for help.

postgres=# create database bd_aula06;
CREATE DATABASE
postgres=# \c bd_aula06
You are now connected to database "bd_aula06" as user "postgres".
bd_aula06=# create domain chk_categoria text check (value='DRAMA' or value='COMEDIA');
CREATE DOMAIN
bd_aula06=# create domain chk_status text check (value='DISPONIVEL' or value='ALUGADO');
CREATE DOMAIN
bd_aula06=# create table tbl_cliente (codigo_cliente integer PRIMARY KEY, nome text not null, cidade text, endereco text);
CREATE TABLE
bd_aula06=# create table tbl_titulo (codigo_titulo integer primary key, titulo text not null, descricao text, categoria chk_categoria);
CREATE TABLE
bd_aula06=# create table tbl_livros (cod_livro integer PRIMARY KEY, codigo_titulo integer REFERENCES tbl_titulo(codigo_titulo), status chk_status DEFAULT 'DISPONIVEL');
CREATE TABLE
bd_aula06=# create table tbl_emprestimo (numero_emprestimo integer PRIMARY KEY, codigo_cliente integer REFERENCES tbl_cliente(codigo_cliente), codigo_livro integer REFERENCES tbl_livros(cod_livro));
CREATE TABLE
bd_aula06=# -- Inserir dados na tabela tbl_cliente
bd_aula06=# INSERT INTO tbl_cliente (codigo_cliente, nome, cidade, endereco)
bd_aula06-# VALUES
bd_aula06-#     (1, 'Joao Silva', 'Sao Paulo', 'Rua A, 123'),
bd_aula06-#     (2, 'Maria Santos', 'Rio de Janeiro', 'Av. B, 456'),
bd_aula06-#     (3, 'Pedro Almeida', 'Belo Horizonte', 'Rua C, 789'),
bd_aula06-#     (4, 'Ana Oliveira', 'Salvador', 'Av. D, 1011'),
bd_aula06-#     (5, 'Carlos Lima', 'Brasília', 'Rua E, 1213');
INSERT 0 5
bd_aula06=# -- Inserir dados na tabela tbl_titulo
bd_aula06=# INSERT INTO tbl_titulo (codigo_titulo, titulo, descricao, categoria)
bd_aula06-# VALUES
bd_aula06-#     (1, 'Aventuras Urbanas', 'Uma história emocionante', 'DRAMA'),
bd_aula06-#     (2, 'Mistérios Antigos', 'Enigmas por resolver', 'COMEDIA'),
bd_aula06-#     (3, 'Amor nas Estrelas', 'Um romance intergaláctico', 'DRAMA'),
bd_aula06-#     (4, 'Código Enigmatico', 'Segredos ocultos', 'COMEDIA'),
bd_aula06-#     (5, 'Histórias Perdidas', 'Contos esquecidos', 'DRAMA');
INSERT 0 5
bd_aula06=# -- Inserir dados na tabela tbl_livros
bd_aula06=# INSERT INTO tbl_livros (cod_livro, codigo_titulo, status)
bd_aula06-# VALUES
bd_aula06-#     (1, 1, 'ALUGADO'),
bd_aula06-#     (2, 1, 'ALUGADO'),
bd_aula06-#     (3, 2, 'DISPONIVEL'),
bd_aula06-#     (4, 3, 'ALUGADO'),
bd_aula06-#     (5, 4, 'ALUGADO');
INSERT 0 5
bd_aula06=# -- Inserir dados na tabela tbl_emprestimo
bd_aula06=# INSERT INTO tbl_emprestimo (numero_emprestimo, codigo_cliente, codigo_livro)
bd_aula06-# VALUES
bd_aula06-#     (1, 1, 2),
bd_aula06-#     (2, 2, 4),
bd_aula06-#     (3, 3, 1),
bd_aula06-#     (4, 4, 5);
INSERT 0 4
bd_aula06=# \dt
             List of relations
 Schema |      Name      | Type  |  Owner
--------+----------------+-------+----------
 public | tbl_cliente    | table | postgres
 public | tbl_emprestimo | table | postgres
 public | tbl_livros     | table | postgres
 public | tbl_titulo     | table | postgres
(4 rows)


bd_aula06=# select * from tbl_cliente
bd_aula06-# select * from tbl_cliente ;
ERROR:  syntax error at or near "select"
LINE 2: select * from tbl_cliente ;
        ^
bd_aula06=# select * from tbl_cliente ;
 codigo_cliente |     nome      |     cidade     |  endereco
----------------+---------------+----------------+-------------
              1 | Joao Silva    | Sao Paulo      | Rua A, 123
              2 | Maria Santos  | Rio de Janeiro | Av. B, 456
              3 | Pedro Almeida | Belo Horizonte | Rua C, 789
              4 | Ana Oliveira  | Salvador       | Av. D, 1011
              5 | Carlos Lima   | Brasília       | Rua E, 1213
(5 rows)


bd_aula06=# SELECT t.titulo
bd_aula06-# SELECT t.titulo, l.status FROM tbl_titulo t INNER JOIN tbl_livros l ON t.codigo_titulo = l.codigo_titulo;
ERROR:  syntax error at or near "t"
LINE 2: SELECT t.titulo, l.status FROM tbl_titulo t INNER JOIN tbl_l...
               ^
bd_aula06=# SELECT t.titulo, l.status FROM tbl_titulo t INNER JOIN tbl_livros l ON t.codigo_titulo = l.codigo_titulo;
      titulo       |   status
-------------------+------------
 Aventuras Urbanas | ALUGADO
 Aventuras Urbanas | ALUGADO
 Mistérios Antigos | DISPONIVEL
 Amor nas Estrelas | ALUGADO
 Código Enigmatico | ALUGADO
(5 rows)


bd_aula06=# SELECT t.titulo, l.status FROM tbl_titulo t INNER LEFT JOIN tbl_livros l ON t.codigo_titulo = l.codigo_titulo;
ERROR:  syntax error at or near "LEFT"
LINE 1: SELECT t.titulo, l.status FROM tbl_titulo t INNER LEFT JOIN ...
                                                          ^
bd_aula06=# SELECT t.titulo, l.status FROM tbl_titulo t INNER LEFT JOIN tbl_livros l ON t.codigo_titulo = l.codigo_titulo;
ERROR:  syntax error at or near "LEFT"
LINE 1: SELECT t.titulo, l.status FROM tbl_titulo t INNER LEFT JOIN ...
                                                          ^
bd_aula06=# SELECT t.titulo, l.status FROM tbl_titulo t INNER LEFT JOIN tbl_livros l ON t.codigo_titulo = l.codigo_titulo;
ERROR:  syntax error at or near "LEFT"
LINE 1: SELECT t.titulo, l.status FROM tbl_titulo t INNER LEFT JOIN ...
                                                          ^
bd_aula06=# SELECT t.titulo, l.status FROM tbl_titulo t INNER left JOIN tbl_livros l ON t.codigo_titulo = l.codigo_titulo;
ERROR:  syntax error at or near "left"
LINE 1: SELECT t.titulo, l.status FROM tbl_titulo t INNER left JOIN ...
                                                          ^
bd_aula06=# SELECT t.titulo, l.status FROM tbl_titulo t LEFT JOIN tbl_livros l ON t.codigo_titulo = l.codigo_titulo;
       titulo       |   status
--------------------+------------
 Aventuras Urbanas  | ALUGADO
 Aventuras Urbanas  | ALUGADO
 Mistérios Antigos  | DISPONIVEL
 Amor nas Estrelas  | ALUGADO
 Código Enigmatico  | ALUGADO
 Histórias Perdidas |
(6 rows)


bd_aula06=# SELECT t.titulo, t.descricao FROM tbl_titulo t INNER JOIN tbl_livros l on t.codigo_titulo = l.codigo_titulo;
      titulo       |         descricao
-------------------+---------------------------
 Aventuras Urbanas | Uma história emocionante
 Aventuras Urbanas | Uma história emocionante
 Mistérios Antigos | Enigmas por resolver
 Amor nas Estrelas | Um romance intergaláctico
 Código Enigmatico | Segredos ocultos
(5 rows)


bd_aula06=# SELECT t.titulo, t.descricao FROM tbl_titulo t RIGHT JOIN tbl_livros l on t.codigo_titulo = l.codigo_titulo;
      titulo       |         descricao
-------------------+---------------------------
 Aventuras Urbanas | Uma história emocionante
 Aventuras Urbanas | Uma história emocionante
 Mistérios Antigos | Enigmas por resolver
 Amor nas Estrelas | Um romance intergaláctico
 Código Enigmatico | Segredos ocultos
(5 rows)


bd_aula06=# SELECT t.titulo, t.descricao FROM tbl_titulo t INNER JOIN tbl_livros l on t.codigo_titulo = l.codigo_titulo WHERE status = alugado ;
ERROR:  column "alugado" does not exist
LINE 1: ...n t.codigo_titulo = l.codigo_titulo WHERE status = alugado ;
                                                              ^
bd_aula06=# SELECT t.titulo, t.descricao FROM tbl_titulo t INNER JOIN tbl_livros l on t.codigo_titulo = l.codigo_titulo WHERE status = alugado ;
ERROR:  column "alugado" does not exist
LINE 1: ...n t.codigo_titulo = l.codigo_titulo WHERE status = alugado ;
                                                              ^
bd_aula06=# SELECT t.titulo, t.descricao FROM tbl_titulo t INNER JOIN tbl_livros l on t.codigo_titulo = l.codigo_titulo WHERE status = ALUGADO ;
ERROR:  column "alugado" does not exist
LINE 1: ...n t.codigo_titulo = l.codigo_titulo WHERE status = ALUGADO ;
                                                              ^
bd_aula06=# SELECT t.titulo, t.descricao FROM tbl_titulo t INNER JOIN tbl_livros l on t.codigo_titulo = l.codigo_titulo WHERE status = ALUGADO ;
ERROR:  column "alugado" does not exist
LINE 1: ...n t.codigo_titulo = l.codigo_titulo WHERE status = ALUGADO ;
                                                              ^
bd_aula06=# SELECT t.titulo, t.descricao FROM tbl_titulo t INNER JOIN tbl_livros l on t.codigo_titulo = l.codigo_titulo WHERE status = ALUGADO ;
ERROR:  column "alugado" does not exist
LINE 1: ...n t.codigo_titulo = l.codigo_titulo WHERE status = ALUGADO ;
                                                              ^
bd_aula06=# SELECT t.titulo, t.descricao FROM tbl_titulo t INNER JOIN tbl_livros l on t.codigo_titulo = l.codigo_titulo WHERE status = ALUGADO ;
ERROR:  column "alugado" does not exist
LINE 1: ...n t.codigo_titulo = l.codigo_titulo WHERE status = ALUGADO ;
                                                              ^
bd_aula06=# SELECT t.titulo, t.descricao FROM tbl_titulo t INNER JOIN tbl_livros l on t.codigo_titulo = l.codigo_titulo WHERE status = true
bd_aula06-# SELECT t.titulo, t.descricao FROM tbl_titulo t INNER JOIN tbl_livros l on t.codigo_titulo = l.codigo_titulo WHERE status = true ;
ERROR:  syntax error at or near "SELECT"
LINE 2: SELECT t.titulo, t.descricao FROM tbl_titulo t INNER JOIN tb...
        ^
bd_aula06=# SELECT t.titulo, t.descricao FROM tbl_titulo t INNER JOIN tbl_livros l on t.codigo_titulo = l.codigo_titulo WHERE status = 'ALUGADO' ;
      titulo       |         descricao
-------------------+---------------------------
 Aventuras Urbanas | Uma história emocionante
 Aventuras Urbanas | Uma história emocionante
 Amor nas Estrelas | Um romance intergaláctico
 Código Enigmatico | Segredos ocultos
(4 rows)


bd_aula06=# SELECT c.nome FROM tbl_cliente c INNER JOIN tbl_emprestimo e ON c.codigo_cliente = c.codigo_cliente INNER JOIN tbl_livros l ON l.cod_livro = e.codigo_livro ;
     nome
---------------
 Joao Silva
 Maria Santos
 Pedro Almeida
 Ana Oliveira
 Carlos Lima
 Joao Silva
 Maria Santos
 Pedro Almeida
 Ana Oliveira
 Carlos Lima
 Joao Silva
 Maria Santos
 Pedro Almeida
 Ana Oliveira
 Carlos Lima
 Joao Silva
 Maria Santos
 Pedro Almeida
 Ana Oliveira
 Carlos Lima
(20 rows)


bd_aula06=# SELECT c.nome FROM tbl_cliente c INNER JOIN tbl_emprestimo e ON c.codigo_cliente = c.codigo_cliente INNER JOIN tbl_livros l ON l.cod_livro = e.codigo_livro WHERE status = 'DISPONIVEL' ;
 nome
------
(0 rows)


bd_aula06=# SELECT c.nome FROM tbl_cliente c INNER JOIN tbl_emprestimo e ON c.codigo_cliente = c.codigo_cliente INNER JOIN tbl_livros l ON l.cod_livro = e.codigo_livro WHERE status = 'DISPONIVEL' ;
 nome
------
(0 rows)


bd_aula06=# SELECT c.nome FROM tbl_cliente c INNER JOIN tbl_emprestimo e ON c.codigo_cliente = c.codigo_cliente INNER JOIN tbl_livros l ON l.cod_livro = e.codigo_livro WHERE status = 'DISPONIVEL' ;